{"cameraMode":{"drawMode":0,"name":"Shaded","section":"Shading Mode"},"sceneLighting":true,"audioPlay":false,"sceneViewState":{"showFog":true,"showMaterialUpdate":true,"showSkybox":true,"showFlares":true,"showImageEffects":true,"showParticleSystems":true},"in2DMode":false,"pivot":{"x":778.2913818359375,"y":187.5363311767578,"z":257.76025390625},"rotation":{"x":-0.014057550579309464,"y":0.07284457236528397,"z":0.0010540290968492628,"w":0.9972437024116516},"size":833.24755859375,"orthographic":false}