{"cameraMode":{"drawMode":0,"name":"Shaded","section":"Shading Mode"},"sceneLighting":false,"audioPlay":false,"sceneViewState":{"showFog":true,"showMaterialUpdate":true,"showSkybox":true,"showFlares":true,"showImageEffects":true,"showParticleSystems":true},"in2DMode":false,"pivot":{"x":0.006211340427398682,"y":1.007163405418396,"z":0.00583338737487793},"rotation":{"x":-0.09631642699241638,"y":0.7452598214149475,"z":-0.11034870147705078,"w":-0.6504876613616943},"size":3.311353921890259,"orthographic":true}