{"cameraMode":{"drawMode":0,"name":"Shaded","section":"Shading Mode"},"sceneLighting":false,"audioPlay":false,"sceneViewState":{"showFog":true,"showMaterialUpdate":true,"showSkybox":true,"showFlares":true,"showImageEffects":true,"showParticleSystems":true},"in2DMode":false,"pivot":{"x":10.54757308959961,"y":0.44999998807907107,"z":-28.1200008392334},"rotation":{"x":-0.06909509748220444,"y":-0.6599339842796326,"z":0.06115010008215904,"w":-0.745636522769928},"size":4.8823347091674809,"orthographic":false}