{"cameraMode":{"drawMode":0,"name":"Shaded","section":"Shading Mode"},"sceneLighting":true,"audioPlay":false,"sceneViewState":{"showFog":true,"showMaterialUpdate":true,"showSkybox":true,"showFlares":true,"showImageEffects":true,"showParticleSystems":true},"in2DMode":false,"pivot":{"x":30.258359909057618,"y":-0.0071086883544921879,"z":-3.421710968017578},"rotation":{"x":0.27291256189346316,"y":-0.259095162153244,"z":0.07661235332489014,"w":0.9233195781707764},"size":28.685476303100587,"orthographic":false}