{"cameraMode":{"drawMode":0,"name":"Shaded","section":"Shading Mode"},"sceneLighting":false,"audioPlay":false,"sceneViewState":{"showFog":true,"showMaterialUpdate":true,"showSkybox":true,"showFlares":true,"showImageEffects":true,"showParticleSystems":true},"in2DMode":false,"pivot":{"x":0.873199462890625,"y":0.76910400390625,"z":0.22216796875},"rotation":{"x":-0.08319604396820069,"y":-0.7888151407241821,"z":0.10955280810594559,"w":-0.5990386009216309},"size":6.368683338165283,"orthographic":true}