{"cameraMode":{"drawMode":0,"name":"Shaded","section":"Shading Mode"},"sceneLighting":false,"audioPlay":false,"sceneViewState":{"showFog":true,"showMaterialUpdate":true,"showSkybox":true,"showFlares":true,"showImageEffects":true,"showParticleSystems":true},"in2DMode":false,"pivot":{"x":11.299999237060547,"y":0.44999998807907107,"z":-1.3999977111816407},"rotation":{"x":-0.4018256664276123,"y":-0.3020924925804138,"z":0.14236675202846528,"w":-0.852647602558136},"size":326.5673522949219,"orthographic":false}