{"cameraMode":{"drawMode":0,"name":"Shaded","section":"Shading Mode"},"sceneLighting":false,"audioPlay":false,"sceneViewState":{"showFog":true,"showMaterialUpdate":true,"showSkybox":true,"showFlares":true,"showImageEffects":true,"showParticleSystems":true},"in2DMode":false,"pivot":{"x":5.960464477539063e-8,"y":1.25,"z":-1.1920928955078126e-7},"rotation":{"x":-0.029152438044548036,"y":0.9695079922676086,"z":-0.1960240602493286,"w":-0.14414933323860169},"size":4.041658401489258,"orthographic":true}