{"cameraMode":{"drawMode":0,"name":"Shaded","section":"Shading Mode"},"sceneLighting":false,"audioPlay":false,"sceneViewState":{"showFog":true,"showMaterialUpdate":true,"showSkybox":true,"showFlares":true,"showImageEffects":true,"showParticleSystems":true},"in2DMode":false,"pivot":{"x":0.44340547919273379,"y":1.699650764465332,"z":-0.19042617082595826},"rotation":{"x":-0.10266678780317307,"y":-0.8700798749923706,"z":0.20464150607585908,"w":-0.43651166558265688},"size":15.365494728088379,"orthographic":false}