{"cameraMode":{"drawMode":0,"name":"Shaded","section":"Shading Mode"},"sceneLighting":false,"audioPlay":false,"sceneViewState":{"showFog":true,"showMaterialUpdate":true,"showSkybox":true,"showFlares":true,"showImageEffects":true,"showParticleSystems":true},"in2DMode":false,"pivot":{"x":8.02299976348877,"y":4.067999839782715,"z":20.14299964904785},"rotation":{"x":0.04317478835582733,"y":0.9513097405433655,"z":-0.2617480754852295,"w":0.15695135295391084},"size":9.562664985656739,"orthographic":true}