{"cameraMode":{"drawMode":0,"name":"Shaded","section":"Shading Mode"},"sceneLighting":true,"audioPlay":false,"sceneViewState":{"showFog":true,"showMaterialUpdate":true,"showSkybox":true,"showFlares":true,"showImageEffects":true,"showParticleSystems":true},"in2DMode":false,"pivot":{"x":249.77203369140626,"y":178.72357177734376,"z":56.74530029296875},"rotation":{"x":0.11525293439626694,"y":0.12276668101549149,"z":-0.01432796847075224,"w":0.9856165051460266},"size":749.8880615234375,"orthographic":false}