{"cameraMode":{"drawMode":0,"name":"Shaded","section":"Shading Mode"},"sceneLighting":false,"audioPlay":false,"sceneViewState":{"showFog":true,"showMaterialUpdate":true,"showSkybox":true,"showFlares":true,"showImageEffects":true,"showParticleSystems":true},"in2DMode":false,"pivot":{"x":-0.44260168075561526,"y":0.9232578277587891,"z":0.5709315538406372},"rotation":{"x":0.2881547808647156,"y":-0.2233826071023941,"z":0.06934719532728195,"w":0.9285784959793091},"size":4.170969009399414,"orthographic":false}