{"cameraMode":{"drawMode":0,"name":"Shaded","section":"Shading Mode"},"sceneLighting":false,"audioPlay":false,"sceneViewState":{"showFog":true,"showMaterialUpdate":true,"showSkybox":true,"showFlares":true,"showImageEffects":true,"showParticleSystems":true},"in2DMode":false,"pivot":{"x":0.013916015625,"y":0.336334228515625,"z":0.282684326171875},"rotation":{"x":-0.13780252635478974,"y":-0.8070566654205322,"z":0.20780159533023835,"w":-0.5352463126182556},"size":1.150781273841858,"orthographic":true}