{"cameraMode":{"drawMode":0,"name":"Shaded","section":"Shading Mode"},"sceneLighting":false,"audioPlay":false,"sceneViewState":{"showFog":true,"showMaterialUpdate":true,"showSkybox":true,"showFlares":true,"showImageEffects":true,"showParticleSystems":true},"in2DMode":false,"pivot":{"x":0.2332763671875,"y":0.27490234375,"z":0.192138671875},"rotation":{"x":-0.10991617292165756,"y":0.8817340731620789,"z":-0.25345075130462649,"w":-0.38239532709121706},"size":2.3834478855133058,"orthographic":true}