{"cameraMode":{"drawMode":0,"name":"Shaded","section":"Shading Mode"},"sceneLighting":true,"audioPlay":false,"sceneViewState":{"showFog":true,"showMaterialUpdate":true,"showSkybox":true,"showFlares":true,"showImageEffects":true,"showParticleSystems":true},"in2DMode":false,"pivot":{"x":6.2135910987854,"y":-24.8106689453125,"z":8.306640625},"rotation":{"x":-0.629914402961731,"y":-0.026123691350221635,"z":0.021176449954509736,"w":-0.7759362459182739},"size":69.39640808105469,"orthographic":false}