{"cameraMode":{"drawMode":0,"name":"Shaded","section":"Shading Mode"},"sceneLighting":false,"audioPlay":false,"sceneViewState":{"showFog":true,"showMaterialUpdate":true,"showSkybox":true,"showFlares":true,"showImageEffects":true,"showParticleSystems":true},"in2DMode":false,"pivot":{"x":0.12074142694473267,"y":1.168153166770935,"z":-0.420715868473053},"rotation":{"x":-0.1612565666437149,"y":0.6198202967643738,"z":-0.13210491836071015,"w":-0.7565497159957886},"size":5.808918476104736,"orthographic":true}