{"cameraMode":{"drawMode":0,"name":"Shaded","section":"Shading Mode"},"sceneLighting":false,"audioPlay":false,"sceneViewState":{"showFog":true,"showMaterialUpdate":true,"showSkybox":true,"showFlares":true,"showImageEffects":true,"showParticleSystems":true},"in2DMode":false,"pivot":{"x":-0.0390625,"y":0.6797621250152588,"z":0.19665443897247315},"rotation":{"x":0.20651447772979737,"y":0.6967831254005432,"z":-0.22128015756607057,"w":0.6502923369407654},"size":2.318756580352783,"orthographic":true}