{"cameraMode":{"drawMode":0,"name":"Shaded","section":"Shading Mode"},"sceneLighting":false,"audioPlay":false,"sceneViewState":{"showFog":true,"showMaterialUpdate":true,"showSkybox":true,"showFlares":true,"showImageEffects":true,"showParticleSystems":true},"in2DMode":false,"pivot":{"x":0.13624250888824464,"y":1.1849446296691895,"z":0.06272017955780029},"rotation":{"x":0.1255486160516739,"y":0.8737825751304627,"z":-0.35001304745674136,"w":0.3134206235408783},"size":3.794696092605591,"orthographic":true}