{"cameraMode":{"drawMode":0,"name":"Shaded","section":"Shading Mode"},"sceneLighting":false,"audioPlay":false,"sceneViewState":{"showFog":true,"showMaterialUpdate":true,"showSkybox":true,"showFlares":true,"showImageEffects":true,"showParticleSystems":true},"in2DMode":false,"pivot":{"x":0.5501813888549805,"y":1.0678149461746216,"z":0.21303147077560426},"rotation":{"x":0.025085948407649995,"y":0.9048998355865479,"z":-0.05380668118596077,"w":0.42146405577659609},"size":3.978177785873413,"orthographic":false}