{"cameraMode":{"drawMode":0,"name":"Shaded","section":"Shading Mode"},"sceneLighting":false,"audioPlay":false,"sceneViewState":{"showFog":true,"showMaterialUpdate":true,"showSkybox":true,"showFlares":true,"showImageEffects":true,"showParticleSystems":true},"in2DMode":false,"pivot":{"x":0.146240234375,"y":0.28363037109375,"z":0.195709228515625},"rotation":{"x":0.12615002691745759,"y":0.5300683379173279,"z":-0.08011218905448914,"w":0.8346830606460571},"size":1.0649372339248658,"orthographic":true}