{"cameraMode":{"drawMode":0,"name":"Shaded","section":"Shading Mode"},"sceneLighting":false,"audioPlay":false,"sceneViewState":{"showFog":true,"showMaterialUpdate":true,"showSkybox":true,"showFlares":true,"showImageEffects":true,"showParticleSystems":true},"in2DMode":false,"pivot":{"x":0.2571732997894287,"y":1.5588337182998658,"z":-0.362676739692688},"rotation":{"x":-0.270051509141922,"y":-0.49989205598831179,"z":0.16752780973911286,"w":-0.8056764602661133},"size":2.8936238288879396,"orthographic":false}