{"cameraMode":{"drawMode":0,"name":"Shaded","section":"Shading Mode"},"sceneLighting":false,"audioPlay":false,"sceneViewState":{"showFog":true,"showMaterialUpdate":true,"showSkybox":true,"showFlares":true,"showImageEffects":true,"showParticleSystems":true},"in2DMode":false,"pivot":{"x":0.2332763671875,"y":0.27490234375,"z":0.192138671875},"rotation":{"x":0.03541599586606026,"y":0.9592958688735962,"z":-0.13998208940029145,"w":0.2426978051662445},"size":1.9126003980636597,"orthographic":true}