{"cameraMode":{"drawMode":0,"name":"Shaded","section":"Shading Mode"},"sceneLighting":true,"audioPlay":false,"sceneViewState":{"showFog":true,"showMaterialUpdate":true,"showSkybox":true,"showFlares":true,"showImageEffects":true,"showParticleSystems":true},"in2DMode":false,"pivot":{"x":10.39874267578125,"y":-2.6640625,"z":0.69140625},"rotation":{"x":0.3823831379413605,"y":-0.009697090834379197,"z":0.004020174033939838,"w":0.9239442944526672},"size":24.05196189880371,"orthographic":true}