{"cameraMode":{"drawMode":0,"name":"Shaded","section":"Shading Mode"},"sceneLighting":false,"audioPlay":false,"sceneViewState":{"showFog":true,"showMaterialUpdate":true,"showSkybox":true,"showFlares":true,"showImageEffects":true,"showParticleSystems":true},"in2DMode":false,"pivot":{"x":0.0814208984375,"y":0.25091552734375,"z":0.052978515625},"rotation":{"x":0.00018540563178248703,"y":0.9786515831947327,"z":-0.2055245041847229,"w":0.0008798482012934983},"size":0.8568016886711121,"orthographic":true}