{"cameraMode":{"drawMode":0,"name":"Shaded","section":"Shading Mode"},"sceneLighting":false,"audioPlay":false,"sceneViewState":{"showFog":true,"showMaterialUpdate":true,"showSkybox":true,"showFlares":true,"showImageEffects":true,"showParticleSystems":true},"in2DMode":false,"pivot":{"x":0.2332763671875,"y":0.27490234375,"z":0.192138671875},"rotation":{"x":-0.19964191317558289,"y":0.7083593010902405,"z":-0.22098562121391297,"w":-0.6399497389793396},"size":1.649045467376709,"orthographic":true}