{"cameraMode":{"drawMode":0,"name":"Shaded","section":"Shading Mode"},"sceneLighting":true,"audioPlay":false,"sceneViewState":{"showFog":true,"showMaterialUpdate":true,"showSkybox":true,"showFlares":true,"showImageEffects":true,"showParticleSystems":true},"in2DMode":false,"pivot":{"x":10.21823787689209,"y":1.6011238098144532,"z":3.873978614807129},"rotation":{"x":0.5786142945289612,"y":0.02643047645688057,"z":-0.018750211223959924,"w":0.814957320690155},"size":57.94035720825195,"orthographic":false}