{"cameraMode":{"drawMode":0,"name":"Shaded","section":"Shading Mode"},"sceneLighting":false,"audioPlay":false,"sceneViewState":{"showFog":true,"showMaterialUpdate":true,"showSkybox":true,"showFlares":true,"showImageEffects":true,"showParticleSystems":true},"in2DMode":false,"pivot":{"x":0.041965410113334659,"y":0.3649865984916687,"z":0.01931905746459961},"rotation":{"x":0.00018540563178248703,"y":0.9786515831947327,"z":-0.2055245041847229,"w":0.0008798482012934983},"size":2.9355435371398927,"orthographic":true}