{"cameraMode":{"drawMode":0,"name":"Shaded","section":"Shading Mode"},"sceneLighting":false,"audioPlay":false,"sceneViewState":{"showFog":true,"showMaterialUpdate":true,"showSkybox":true,"showFlares":true,"showImageEffects":true,"showParticleSystems":true},"in2DMode":false,"pivot":{"x":3.75,"y":-2.7199997901916506,"z":6.630000114440918},"rotation":{"x":-0.11652140319347382,"y":-0.5264701247215271,"z":0.07311759889125824,"w":-0.8389909267425537},"size":6.5232367515563969,"orthographic":true}