{"cameraMode":{"drawMode":0,"name":"Shaded","section":"Shading Mode"},"sceneLighting":true,"audioPlay":false,"sceneViewState":{"showFog":true,"showMaterialUpdate":true,"showSkybox":true,"showFlares":true,"showImageEffects":true,"showParticleSystems":true},"in2DMode":false,"pivot":{"x":2.43914794921875,"y":-4.69921875,"z":8.505859375},"rotation":{"x":0.565338671207428,"y":-0.010412989184260369,"z":0.007151112891733646,"w":0.8247621655464172},"size":31.456165313720704,"orthographic":true}