{"cameraMode":{"drawMode":0,"name":"Shaded","section":"Shading Mode"},"sceneLighting":false,"audioPlay":false,"sceneViewState":{"showFog":true,"showMaterialUpdate":true,"showSkybox":true,"showFlares":true,"showImageEffects":true,"showParticleSystems":true},"in2DMode":false,"pivot":{"x":0.13624250888824464,"y":1.1849446296691895,"z":0.06272017955780029},"rotation":{"x":0.08377978950738907,"y":0.9094540476799011,"z":-0.22400464117527009,"w":0.3401414155960083},"size":9.101499557495118,"orthographic":true}