{"cameraMode":{"drawMode":0,"name":"Shaded","section":"Shading Mode"},"sceneLighting":false,"audioPlay":false,"sceneViewState":{"showFog":true,"showMaterialUpdate":true,"showSkybox":true,"showFlares":true,"showImageEffects":true,"showParticleSystems":true},"in2DMode":false,"pivot":{"x":0.005365133285522461,"y":1.3547210693359376,"z":0.00466388463973999},"rotation":{"x":-0.09631642699241638,"y":0.7452598214149475,"z":-0.11034870147705078,"w":-0.6504876613616943},"size":6.1824164390563969,"orthographic":true}