{"cameraMode":{"drawMode":0,"name":"Shaded","section":"Shading Mode"},"sceneLighting":false,"audioPlay":false,"sceneViewState":{"showFog":true,"showMaterialUpdate":true,"showSkybox":true,"showFlares":true,"showImageEffects":true,"showParticleSystems":true},"in2DMode":false,"pivot":{"x":-0.05675232410430908,"y":-0.08331859111785889,"z":0.30066317319869997},"rotation":{"x":-0.19875167310237885,"y":-0.7934596538543701,"z":0.33958232402801516,"w":-0.46433112025260928},"size":2.6787445545196535,"orthographic":false}