{"cameraMode":{"drawMode":0,"name":"Shaded","section":"Shading Mode"},"sceneLighting":false,"audioPlay":false,"sceneViewState":{"showFog":true,"showMaterialUpdate":true,"showSkybox":true,"showFlares":true,"showImageEffects":true,"showParticleSystems":true},"in2DMode":false,"pivot":{"x":3.75,"y":-2.7199997901916506,"z":6.630000114440918},"rotation":{"x":-0.36990123987197878,"y":-0.0017061213729903103,"z":0.0006443295278586447,"w":-0.9290692806243897},"size":26.367835998535158,"orthographic":false}