{"cameraMode":{"drawMode":0,"name":"Shaded","section":"Shading Mode"},"sceneLighting":false,"audioPlay":false,"sceneViewState":{"showFog":true,"showMaterialUpdate":true,"showSkybox":true,"showFlares":true,"showImageEffects":true,"showParticleSystems":true},"in2DMode":false,"pivot":{"x":0.0714111328125,"y":0.34326171875,"z":-0.0426025390625},"rotation":{"x":0.041239868849515918,"y":0.9177576303482056,"z":-0.09894312173128128,"w":0.38240116834640505},"size":1.0880171060562134,"orthographic":true}