{"cameraMode":{"drawMode":0,"name":"Shaded","section":"Shading Mode"},"sceneLighting":true,"audioPlay":false,"sceneViewState":{"showFog":true,"showMaterialUpdate":true,"showSkybox":true,"showFlares":true,"showImageEffects":true,"showParticleSystems":true},"in2DMode":false,"pivot":{"x":7.996367454528809,"y":5.210000038146973,"z":13.99815559387207},"rotation":{"x":-0.1930067092180252,"y":-0.04119760915637016,"z":0.008110852912068367,"w":-0.980298638343811},"size":22.0,"orthographic":false}