{"cameraMode":{"drawMode":0,"name":"Shaded","section":"Shading Mode"},"sceneLighting":true,"audioPlay":false,"sceneViewState":{"showFog":true,"showMaterialUpdate":true,"showSkybox":true,"showFlares":true,"showImageEffects":true,"showParticleSystems":true},"in2DMode":false,"pivot":{"x":4.077944755554199,"y":-12.172006607055664,"z":2.9959614276885988},"rotation":{"x":0.6313073039054871,"y":-0.015559102408587933,"z":0.012700838036835194,"w":0.7752726078033447},"size":62.099422454833987,"orthographic":false}