{"cameraMode":{"drawMode":0,"name":"Shaded","section":"Shading Mode"},"sceneLighting":false,"audioPlay":false,"sceneViewState":{"showFog":true,"showMaterialUpdate":true,"showSkybox":true,"showFlares":true,"showImageEffects":true,"showParticleSystems":true},"in2DMode":false,"pivot":{"x":-0.0390625,"y":0.6797621250152588,"z":0.19665443897247315},"rotation":{"x":-0.03231455758213997,"y":0.7383594512939453,"z":0.035468462854623798,"w":0.6726984977722168},"size":2.424501419067383,"orthographic":true}