{"cameraMode":{"drawMode":0,"name":"Shaded","section":"Shading Mode"},"sceneLighting":false,"audioPlay":false,"sceneViewState":{"showFog":true,"showMaterialUpdate":true,"showSkybox":true,"showFlares":true,"showImageEffects":true,"showParticleSystems":true},"in2DMode":false,"pivot":{"x":0.13763427734375,"y":0.7198486328125,"z":0.12451171875},"rotation":{"x":0.04317478835582733,"y":0.9513097405433655,"z":-0.2617480754852295,"w":0.15695135295391084},"size":1.519054651260376,"orthographic":true}