{"cameraMode":{"drawMode":0,"name":"Shaded","section":"Shading Mode"},"sceneLighting":false,"audioPlay":false,"sceneViewState":{"showFog":true,"showMaterialUpdate":true,"showSkybox":true,"showFlares":true,"showImageEffects":true,"showParticleSystems":true},"in2DMode":false,"pivot":{"x":-0.0418701171875,"y":0.3115234375,"z":0.106201171875},"rotation":{"x":0.06636454910039902,"y":0.909233570098877,"z":-0.15925785899162293,"w":0.3788495361804962},"size":0.6764819025993347,"orthographic":true}