{"cameraMode":{"drawMode":0,"name":"Shaded","section":"Shading Mode"},"sceneLighting":true,"audioPlay":false,"sceneViewState":{"showFog":true,"showMaterialUpdate":true,"showSkybox":true,"showFlares":true,"showImageEffects":true,"showParticleSystems":true},"in2DMode":false,"pivot":{"x":16.7750244140625,"y":5.158203125,"z":6.046875},"rotation":{"x":0.25138747692108157,"y":0.18304210901260377,"z":-0.048469819128513339,"w":0.9491841793060303},"size":17.00406837463379,"orthographic":true}