{"cameraMode":{"drawMode":0,"name":"Shaded","section":"Shading Mode"},"sceneLighting":false,"audioPlay":false,"sceneViewState":{"showFog":true,"showMaterialUpdate":true,"showSkybox":true,"showFlares":true,"showImageEffects":true,"showParticleSystems":true},"in2DMode":false,"pivot":{"x":0.004538381937891245,"y":0.8050590753555298,"z":-0.04520001262426376},"rotation":{"x":0.04476279765367508,"y":0.7867941856384277,"z":-0.05745285749435425,"w":0.6129032373428345},"size":2.1649692058563234,"orthographic":true}